"","Ebf1","Ddit3","Sox4","Mafb","Nfib","Hes1","Bhlhe41","Tcf7l2","Irf8","Nkx2-1","Atf3","Cebpa","Mef2c","Ikzf2","Nr1d1","Maf","Gata6","Egr1","Klf4","Egr2","Ehf","Ahr","Sox2","Bcl11b","Ar","Irf7","Pparg","Dnmt1","Nr2f2","Fosb","Lef1","Tcf7","Pbx1","Ikzf3","Nr1h3","Elf5","Pax5","Ets1","Ezh2","Nr4a1","Nfia"
"AAACGAATCAAATAGG-1_4",0.0139110779333333,0.115159994666667,0.0523710529,0.178815298,0.0459381858333333,0.0551045148,0.0447544977666667,0.0341442990666667,0.194787296666667,0.0439227819,0.059111017,0.066011486,0.0690523627,0.0678254257666667,0.056854189,0.21595364,0.0690426253333333,0.349315803333333,0.0306326465,0.0669275086666667,0.0304589972866667,0.24152025,0.0341134886666667,0.0330849602666667,0.0474326523333333,0.0171952569333333,0.113995247333333,0.256174434866667,0.115024934,0.0215072566666667,0.10217423773,0.0231967958,0.186901326666667,0.106186538,0.083296817,0.0586667383333333,0.054334496,0.0298443543,0.33057139,0.04185414,0.0310565139
"AAACGCTTCAATGTCG-1_4",0.0189377773666667,0.0437918242,0.0980851433,0.483961776666667,0.0127632304466667,0.0588818363333333,0.0202247344,0.263675153333333,0.00418934606666667,0.0276553961333333,0.0124936954166667,0.043546009,0.083893184,0.0340416744,0.0438829073333333,0.0110803769333333,0.0909330503333333,0.0998226586666667,0.0386347066666667,0.0157821442333333,0.0283223999333333,0.0356898952,0.00630386115666667,0.00688522842333333,0.0113776702033333,0.0382697217333333,0.00292336085666667,0.22301757254,0.15299637409,0.0711334987,0.0971146122633333,0.0381796145333333,0.139835153333333,0.0214773896866667,0.115842117666667,0.177103612,0.0257031268,0.00360981036,0.139523760666667,0.0039351249,0.0704540993333333
"AACACACGTAGATCGG-1_4",0.0426896116666667,0.152964701333333,0.368918723,0.0296892175666667,0.0615663473333333,0.0441969753666667,0.0346026851666667,0.064393223,0.0915043046666667,0.0475851405666667,0.0261604181,0.068716845,0.135871338566667,0.0582150958666667,0.0170776153,0.0203011022666667,0.0402044299666667,0.277845383333333,0.029862472,0.0288115905666667,0.121684181,0.064831953,0.0500845406666667,0.0219253734,0.0140731359,0.28887509,0.0972376863333333,0.264362879443333,0.112877169286667,0.0490904959666667,0.1358521064,0.0672150873333333,0.0330497004666667,0.0849304823333333,0.046173844,0.0153075940833333,0.0448524296,0.049994232,0.0653492189666667,0.0750967496666667,0.0242599585
"AACCACACAGAAATCA-1_4",0.106793678666667,0.41931245,0.0440799974333333,0.0354918032333333,0.0187835911,0.0259520055333333,0.0763882277,0.0504768108333333,0.0483497276666667,0.0545471799666667,0.043340627,0.0153173588,0.1597605485,0.0249981251,0.048349532,0.0798179066666667,0.0376936792,0.100450352333333,0.0310534348333333,0.0229750054666667,0.0242653651433333,0.0308437619666667,0.0345744236666667,0.0262319048333333,0.0354704230666667,0.296975876666667,0.0773149416666667,0.241045826466667,0.123612857933333,0.0726299485,0.140823074633333,0.108429700666667,0.0184248230666667,0.0283663184666667,0.0446576486666667,0.0191574951466667,0.048482676,0.109786649,0.0512714802666667,0.0518300733333333,0.0261669341666667
"AGACCATCATCTTTCA-1_4",0.0132699762333333,0.0536170182,0.0300337651333333,0.0200386410666667,0.0263051832666667,0.0478068547,0.043357994,0.0321378052,0.0173436304,0.0534801251,0.0222162443,0.00682300678666667,0.0635700178666667,0.499218696666667,0.0558507446666667,0.0171501530133333,0.00650749545333333,0.0264001003666667,0.0300138718333333,0.0289441927,0.0280902597433333,0.0321516193,0.00505806143666667,0.0133465544266667,0.00839076828333333,0.0116692462033333,0.0291289623333333,0.243154168627,0.114323080566667,0.0294199134,0.108779422433333,0.0169770982666667,0.0140452906333333,0.0291540459666667,0.0163110588,0.0216018134333333,0.00984414754666667,0.04430562,0.0649491249333333,0.00565172327333333,0.0153629742566667
"AGACCATTCTGCTAGA-1_4",0.0235526153,0.55339358,0.610121033333333,0.054928501,0.131288800666667,0.0727233096666667,0.0373598180666667,0.0500442915,0.072329551,0.0257375247666667,0.0173022409333333,0.00735405449333333,0.0588361627666667,0.0273067798333333,0.00749664336666667,0.242452763333333,0.0374703837,0.398774573333333,0.00746861066666667,0.147350926,0.0611956283333333,0.0169137029066667,0.0154212699,0.0133474987,0.0581996476666667,0.117319869333333,0.062797779,0.237747721361667,0.435916147033333,0.263134263333333,0.125721233,0.0524006753333333,0.048914776,0.0636938247666667,0.0336652615666667,0.0144078832333333,0.0233105586333333,0.0416376056666667,0.635070126666667,0.0235920661333333,0.01043757903
"AGCCAGCCATTCCTAT-1_4",0.0475646966666667,0.0602834278,0.0853256151333333,0.0345801601333333,0.0541933966666667,0.0380709420333333,0.0677657360666667,0.0387633430333333,0.0181033029333333,0.0250023005333333,0.0622174846666667,0.066526875,0.0701795774,0.0825462568333333,0.066906419,0.157494745,0.0468333663333333,0.0214191895,0.0261072579,0.0477665681,0.0985142796666667,0.125087205333333,0.0126313398666667,0.044313709,0.0309283393666667,0.0423894054666667,0.0870072943333333,0.241948645466667,0.298241133343333,0.0332953175333333,0.134204088133333,0.0576150056666667,0.101415784333333,0.252262196666667,0.00950593574,0.0364757408666667,0.0198024294333333,0.200843063333333,0.27413374,0.0242972653333333,0.0176833331
"ATCGTCCAGTAGGGTC-1_4",0.0211421243,0.0422790271666667,0.366816016666667,0.0296165797666667,0.0412029448666667,0.0786812096666667,0.0501546702666667,0.088997809,0.133534596333333,0.036612449,0.0185699160333333,0.04392879,0.0972465006333333,0.154646919333333,0.0199400777666667,0.118323251333333,0.0520386713333333,0.0650114133333333,0.0297012209666667,0.0238841733333333,0.0517699981333333,0.0245770593666667,0.0869872776666667,0.0949359653333333,0.076870493,0.25622288,0.0735232376666667,0.221677550463333,0.31028736931,0.144773634666667,0.1467709441,0.0230052338666667,0.108000532666667,0.0228323792666667,0.0594966546666667,0.0127500683666667,0.0109872851333333,0.0816073623333333,0.0237906902,0.0318579495333333,0.0144999118066667
"ATTTCACGTTACGTAC-1_4",0.0273791981666667,0.0460454981166667,0.02236980048,0.0297459942333333,0.0990374776666667,0.0437664552333333,0.0662548064333333,0.0281796702333333,0.039870958,0.0508462561,0.0421540799,0.0430300796666667,0.0810761915,0.3003932,0.050049358,0.0141252372333333,0.0288475196666667,0.0621342633333333,0.0625419016666667,0.0362395647333333,0.0921169800333333,0.0265404655666667,0.0104621637833333,0.0212323518333333,0.0177172088333333,0.0252288592,0.073957972,0.237829819902,0.10360315494,0.0317733330266667,0.174663055266667,0.0278077724,0.0862809786666667,0.382033186666667,0.0164789984,0.0325087182666667,0.0163989529333333,0.185491193333333,0.25069052,0.023167371,0.0276401822333333
"CAATCGAGTCCAACGC-1_4",0.167982104333333,0.50011871,0.0945597603333333,0.0896775956666667,0.00844886404,0.0248207540333333,0.0538500008666667,0.049872521,0.00479889801333333,0.155548177333333,0.043291245,0.0309190506666667,0.147061466666667,0.215658474666667,0.0603981776666667,0.0864044966666667,0.063317709,0.0398677674666667,0.0159312135666667,0.0228664623,0.0326056796266667,0.0249717134,0.00617822846666667,0.0586384743333333,0.0437850273333333,0.117936221,0.0658916486666667,0.218311429616667,0.3719452524,0.02697342703,0.151094286866667,0.0272875083666667,0.0270512058666667,0.32659995,0.00819968406666667,0.0249127756,0.062210863,0.0884206476666667,0.502367796666667,0.0278028747,0.0372176299666667
"CACGTGGCAGCGTGAA-1_4",0.0152912435666667,0.0313455571666667,0.0207568674266667,0.0308395108333333,0.0645786526666667,0.0334074677666667,0.144911822333333,0.0126998098066667,0.30126566,0.0224092771333333,0.0289599635,0.05394264,0.124158574633333,0.350596026666667,0.0144533863333333,0.0815568046666667,0.0399847746666667,0.256599383333333,0.0248190666666667,0.0404377778333333,0.0474180054333333,0.0298878380333333,0.0274393996666667,0.112452974,0.0589716833333333,0.0694113566666667,0.143082870333333,0.231682823553333,0.12363644183,0.110409307666667,0.17405167961,0.00875844299,0.0673049536666667,0.08361033,0.0217025037,0.0175636858666667,0.0130488173666667,0.0254459726333333,0.440825546666667,0.0626408103333333,0.06455028
"CATCAAGGTCCAGCAC-1_4",0.0232174197333333,0.190700652333333,0.314886644333333,0.0192529136333333,0.0737251236666667,0.0385007756333333,0.0452476208666667,0.02345230598,0.19617017,0.0515510259333333,0.0192171349666667,0.0549081796666667,0.0803997552,0.149660349333333,0.04174249,0.073001139,0.0320562211333333,0.118734850666667,0.0382222263333333,0.052533143,0.0668122817333333,0.102978291,0.0312161146666667,0.050153176,0.0423445,0.225690339,0.16196831,0.27451634046,0.1048340301,0.0323473077333333,0.131065290833333,0.063410819,0.083477684,0.184643224333333,0.0289087652666667,0.0183245734,0.0182685552666667,0.0532916253333333,0.38099667,0.0417581376666667,0.0350212774333333
"CATCCGTAGCTGTTCA-1_4",0.0629456786666667,0.0464612093,0.203531477333333,0.01607874478,0.0161199393566667,0.0511236248333333,0.0396060616333333,0.0615660343333333,0.00685746933,0.123918198666667,0.0787278603333333,0.0169778303666667,0.153302127433333,0.33933754,0.0186762838333333,0.199240293333333,0.0126541246,0.0194124273666667,0.032710655,0.0333709530666667,0.145281370333333,0.0387423804666667,0.0158429866666667,0.114520904666667,0.0330855278333333,0.134131285666667,0.038729985,0.215226892603333,0.336938655633333,0.146484697,0.138781581966667,0.161314534,0.0431556598666667,0.152619667333333,0.0143802654333333,0.0191998784666667,0.097806552,0.158019946666667,0.242709162333333,0.083883308,0.0169821182333333
"CATGCGGGTAACCCTA-1_4",0.109267331333333,0.0624086075666667,0.0299442718666667,0.208223083,0.0172997430333333,0.039188858,0.0427600791333333,0.0446431163,0.00503611051333333,0.0131278759666667,0.0123381879,0.00834429871,0.0682561961666667,0.0378799669333333,0.00931046843333333,0.0202309479333333,0.193023613333333,0.118883308333333,0.0179486541,0.0404202555,0.0493503202,0.0988047076666667,0.00664138316333333,0.0228296363,0.111779041,0.0445157680333333,0.00304825113666667,0.24343061604,0.178619833913333,0.0451217335333333,0.136491394133333,0.101432318666667,0.0335932018,0.0131921678666667,0.0376331418333333,0.25488942,0.00898935863666667,0.00658530330333333,0.0302555777333333,0.0058710136,0.0269814028333333
"CCACACTGTTTCGGCG-1_4",0.0350860825,0.0919209063666667,0.1181767375,0.0244792217,0.0532530266666667,0.0720349743,0.126950265,0.216915526666667,0.0389917776666667,0.0572725600666667,0.0629343563333333,0.033352919,0.0866952116,0.01895630768,0.0143558116666667,0.101746141,0.0325273974,0.01583820813,0.0183132153333333,0.01652820608,0.0386464929,0.0437834970333333,0.0158795979333333,0.120617866666667,0.048283496,0.0331402963,0.0798844593333333,0.24812312784,0.10592337775,0.0860547814333333,0.142179275266667,0.0462904256666667,0.0155599291666667,0.107417885666667,0.0162811362,0.0245778074,0.01104827105,0.129028986,0.0347247524,0.0125792712666667,0.0277647905333333
"CCGTAGGCAGATCACT-1_4",0.0195702468666667,0.452581526666667,0.0242066298,0.34863992,0.0280603292,0.0385282398333333,0.114565203,0.144865067666667,0.00574320203333333,0.0553421648666667,0.0660640966666667,0.00844173730333333,0.0650829588333333,0.0314041893333333,0.045245764,0.0122855417666667,0.150389198333333,0.292650103333333,0.0320540661666667,0.0301602746333333,0.0294879909666667,0.467416346666667,0.00447118146333333,0.00667134348666667,0.0124555214333333,0.0163853636333333,0.00366559422,0.205279654493333,0.162343705426667,0.02675765958,0.5134360497,0.0179877590333333,0.0110806457666667,0.0246988420666667,0.0244206768666667,0.183330776666667,0.0106635423333333,0.00380624055333333,0.115433639333333,0.00649471845666667,0.112593633333333
"CGAGAAGTCCCTTCCC-1_4",0.227174566666667,0.0713759738666667,0.156648704,0.0696316586666667,0.0292132514,0.0436259752333333,0.0810579676666667,0.0575238483333333,0.00562202273333333,0.158388737666667,0.0367714976,0.0076692738,0.0877199681333333,0.156267639,0.0804885533333333,0.27276754,0.0532862246666667,0.0102844349866667,0.061843937,0.0336879654,0.03458303933,0.115194649333333,0.00704495474,0.047889057,0.146572544333333,0.164575869,0.099803845,0.35078986106,0.282759068396667,0.0330733136,0.101277643296667,0.01177958426,0.0157260733333333,0.297531183333333,0.0126469477333333,0.0233190071666667,0.0718958016666667,0.090935072,0.410283096666667,0.035867002,0.033290364
"CGAGGAATCCATAGGT-1_4",0.077590527,0.113186839333333,0.0965636190333333,0.0541628391333333,0.0168375063666667,0.0336936009333333,0.0256852105666667,0.0158941334,0.0808920456666667,0.0284764235,0.0557670756666667,0.0588043513333333,0.0777400679333333,0.0339521785666667,0.0529283706666667,0.0324419909333333,0.00960632643333333,0.105183297666667,0.0508397886666667,0.0259562425,0.0378540146333333,0.0551277992666667,0.0178949185333333,0.063318147,0.0170236621333333,0.0154381178,0.133600891,0.282132649756667,0.158403530176667,0.245247140666667,0.10241433252,0.01197490421,0.0103374749666667,0.50849922,0.0110112159066667,0.0171144952333333,0.068018069,0.0815813256666667,0.0261703834666667,0.0260053573666667,0.01474986493
"CGTGCTTTCGTGGAAG-1_4",0.0228358736333333,0.0664893567666667,0.0949712854333333,0.0164572867,0.0207834707333333,0.0586211192666667,0.160331310333333,0.110062577333333,0.18822148,0.0271788653,0.021073481,0.0153161492333333,0.0580046810866667,0.0281005226666667,0.0217862732,0.114836456333333,0.0281943024333333,0.0539735418,0.0127546664666667,0.081059979,0.0847429636666667,0.0256236560333333,0.0626115463333333,0.0567138833333333,0.0252099367,0.189259322666667,0.06477938,0.230498191596667,0.29416467562,0.207247969,0.146196854666667,0.085637217,0.0306078545333333,0.0967029666666667,0.0321266870666667,0.0213040296,0.0404935793333333,0.0848247413333333,0.0961101763333333,0.0368408393333333,0.0171362392666667
"CTATCCGGTTAGGCTT-1_4",0.0172872390666667,0.0592174303666667,0.0891585249333333,0.0737970516666667,0.0481545866666667,0.0775120646666667,0.0529443243,0.0340703587666667,0.153975653333333,0.0737591793333333,0.0149295828666667,0.0440171546666667,0.0631764457666667,0.149345958666667,0.0164598137,0.0303208547666667,0.0268916929,0.255848246666667,0.0161683102333333,0.0470755026666667,0.0390626720666667,0.152947171666667,0.0573421816666667,0.143483714,0.0890900816666667,0.0206795884666667,0.164998913333333,0.217272811046667,0.1320476113,0.172027593,0.126403876366667,0.0520812813333333,0.13740192,0.294450516666667,0.146047114,0.0148423214333333,0.0329944584666667,0.0552718733333333,0.236704093333333,0.0230954331666667,0.0173573353
"CTCCAACAGATACGAT-1_4",0.0154927533666667,0.1108031121,0.184493739666667,0.0334486787,0.0404846681666667,0.0412319408,0.0404383095666667,0.0294231131333333,0.164605563333333,0.113711276,0.00707104851,0.0176309879666667,0.1032608079,0.0267354693566667,0.0222639192,0.0351218436,0.00725226128666667,0.210357645666667,0.0115732232333333,0.075404476,0.126763799333333,0.0351881394,0.0307428818666667,0.099533192,0.0387535431666667,0.253949473333333,0.137534869,0.28070431801,0.1197340302,0.0202794255433333,0.182874010133333,0.0176942584,0.0183043701333333,0.310822866666667,0.0259156071,0.069088831,0.0142798722666667,0.0671570786666667,0.0304280983333333,0.0532361276666667,0.0204417223
"CTCTCGATCGCAGATT-1_4",0.0203406260333333,0.1006289689,0.0838065655,0.0767209656666667,0.0915149073333333,0.0480662074666667,0.03212190837,0.0291775895333333,0.1710717,0.0329634875333333,0.013508438,0.0528664943333333,0.114589156833333,0.211233041,0.0438720536666667,0.17749399,0.020290543,0.0493615229,0.0271778613666667,0.0692761056666667,0.0333036636666667,0.0592677129,0.050628366,0.17467156,0.063853888,0.175465932666667,0.088474146,0.252292090016667,0.309303844866667,0.0510811094666667,0.142874782266667,0.0224670073,0.0446485609333333,0.0433674855333333,0.0427739619,0.0329769167333333,0.00949573553333333,0.137914582333333,0.191091116,0.063206365,0.0414876602
"CTGCGAGGTGCTCTTC-1_4",0.0430758346666667,0.112430792866667,0.249155025333333,0.0283554416666667,0.0657185633333333,0.040042941,0.0732844221333333,0.0427865642,0.0457446076666667,0.0470473506333333,0.0321219028333333,0.0904650616666667,0.0797462916333333,0.098858514,0.042540626,0.055577191,0.0279020951333333,0.0693974393333333,0.0455782323333333,0.051463704,0.0666855924333333,0.0906697576666667,0.0924367966666667,0.0248552931666667,0.117075738,0.104217200666667,0.0740834496666667,0.230578749913333,0.232610286933333,0.120216051666667,0.137342064933333,0.0689318116666667,0.0265116069333333,0.0581953167333333,0.106670927,0.045446258,0.0122817849,0.0434399436666667,0.0712144006333333,0.054184964,0.0443394409
"CTTCAATAGACGAGCT-1_4",0.0125677915666667,0.366225308333333,0.160447055666667,0.0388356961666667,0.0936425373333333,0.0362718752666667,0.087026001,0.0624067643666667,0.0512438996666667,0.0371495238,0.0178255383333333,0.0248632806333333,0.389877127666667,0.0979668143333333,0.0157485043,0.141440131666667,0.0579854363333333,0.224583006666667,0.0113097152,0.0317232920666667,0.0428946481333333,0.0480302120333333,0.0770211696666667,0.0769896283333333,0.0936856256666667,0.197781763333333,0.127148098,0.245844854823333,0.117955195366667,0.117651273333333,0.132375375233333,0.0727267083333333,0.0557228726666667,0.0660186453,0.053992764,0.0163352022,0.0156137912666667,0.072592793,0.179421585333333,0.0484728673333333,0.0352774103
"GACAGCCCATGACTAC-1_4",0.183727876666667,0.0633404939333333,0.156259871,0.0348091102333333,0.0278685465333333,0.0490562444,0.0513230129666667,0.0470015004333333,0.00582886554,0.0550329585,0.045219322,0.0122248443333333,0.128838716,0.0387430296666667,0.0246323035333333,0.1949807,0.0358639165666667,0.0145140640933333,0.0803704796666667,0.014306933,0.118817385666667,0.0726592383333333,0.00970758826666667,0.13414746,0.104914605,0.0836469583333333,0.063742933,0.280604137733333,0.133445610633333,0.0301131728,0.130257481633333,0.0259468898,0.0447696922666667,0.201948841333333,0.0128369840166667,0.0177335167333333,0.070751037,0.0987349633333333,0.400835843333333,0.053231064,0.0227824593
"GACCGTGGTTTACTTC-1_4",0.0481848705,0.0407491135333333,0.0718463490666667,0.0142611941,0.0130197428666667,0.0390989025,0.0613613352333333,0.0270082599,0.00642255799333333,0.0197176974466667,0.0485337473333333,0.0133641898333333,0.0946404621333333,0.254367551333333,0.0252739345666667,0.167460829666667,0.0430357526666667,0.0218575898,0.0237185048333333,0.0288624930666667,0.0878140217666667,0.0350988092566667,0.00870496979333333,0.0210897095666667,0.0189648136666667,0.0315761516,0.0296366013333333,0.3147658227,0.110335472133333,0.0361022934666667,0.370192803966667,0.0971590696666667,0.084263918,0.29192879,0.0260023318333333,0.0321298148333333,0.0411266933333333,0.0643284036666667,0.293837883333333,0.0192729073333333,0.0174290122666667
"GACTCTCTCGCGGACT-1_4",0.11336255,0.0414178067,0.253565646333333,0.0154530190033333,0.0173424121666667,0.0401654252,0.124231680333333,0.0341748763666667,0.0144964669333333,0.150833395,0.070587192,0.0563008533333333,0.0606949916,0.0665478308,0.0532828373333333,0.0446706999,0.0125646988733333,0.0657645726666667,0.0372162543333333,0.00892646477666667,0.0748343450666667,0.165697177333333,0.00728743962333333,0.0193333758,0.0166773224666667,0.0256162095333333,0.0209353098333333,0.221251185136667,0.3897393269,0.0607693680333333,0.121895097233333,0.0980454766666667,0.111443109666667,0.0319704735333333,0.01046322356,0.0741114873333333,0.0255297831333333,0.05689893,0.135050974333333,0.0106313066433333,0.0134459451
"GAGACTTAGACATACA-1_4",0.0369003049333333,0.0820577195333333,0.0596363779333333,0.0618106016666667,0.112683124333333,0.02644414028,0.146378069333333,0.03332515,0.085415992,0.0256719962,0.0306469296333333,0.0206204064,0.0919526209333333,0.150058610333333,0.0145764943333333,0.138054044666667,0.0596274596666667,0.436182586666667,0.0158852234,0.0516211786666667,0.084203798,0.096849322,0.0795364,0.0383554330333333,0.0737823286666667,0.133779548333333,0.114786394666667,0.231970991096667,0.3299245995,0.115741019333333,0.14191967648,0.0373911072666667,0.056767683,0.0652478706,0.0246957484666667,0.0218536026333333,0.0207076808666667,0.0511472323333333,0.199335515666667,0.0466842056666667,0.0413942959666667
"GAGAGGTTCTTAGCTT-1_4",0.0581050563333333,0.608140346666667,0.41731012,0.45507705,0.0138758625866667,0.0737144116666667,0.148451020333333,0.0305601899,0.00460027289,0.0334602159333333,0.0124496952766667,0.00840879468666667,0.0586192923333333,0.0550164682,0.00658245207,0.072203769,0.063763192,0.0770018986666667,0.00853840160333333,0.0189406663666667,0.0360237677,0.218339177,0.0232719966333333,0.00679828012666667,0.047147111,0.01356432069,0.00355298482,0.233556724113333,0.133453219,0.0715043607,0.1258527611,0.41411021,0.040879334,0.0266649093333333,0.070157294,0.0251584326666667,0.113350225,0.00509495585333333,0.141004233333333,0.0082429551,0.0119493403
"GAGGCCTCACAAATCC-1_4",0.0298629657333333,0.256403774666667,0.249739556,0.0430558989,0.101839426,0.046408585,0.0530207589666667,0.0569366386666667,0.0707593326666667,0.0123156627066667,0.031917568,0.03692507,0.05428923372,0.264563645666667,0.0131270309666667,0.056252655,0.0513871796666667,0.114377956,0.0205825002666667,0.0666622493333333,0.0433729211666667,0.0316018182666667,0.0408183146666667,0.0207384888666667,0.0735869036666667,0.406713693333333,0.184594876666667,0.26282873463,0.316274372443333,0.0651156820333333,0.127012572853333,0.0585940559333333,0.0319034876,0.185062786666667,0.0412719621,0.0259770600333333,0.0756095906666667,0.0750268133333333,0.42730327,0.100192289333333,0.017431995
"GATCACAGTACAACGG-1_4",0.0483796803333333,0.05198860611,0.1247067323,0.0406211212666667,0.0139470475933333,0.0471768956333333,0.0852290463333333,0.0456921816666667,0.0422758266666667,0.0449011831333333,0.0250249226666667,0.0195183253333333,0.0641776163,0.135207543666667,0.0461378453333333,0.0631875336666667,0.0642428126666667,0.07932499,0.0294009635666667,0.0430887595333333,0.101757584333333,0.0413614159333333,0.0127896823,0.102378321666667,0.059044229,0.167837153,0.0553156056666667,0.29644404588,0.146706482366667,0.0448762168,0.141995963333333,0.0615398653333333,0.132884255,0.0799135966666667,0.0644802703333333,0.0306483841,0.0210280032666667,0.15216741,0.286611376666667,0.0238597458333333,0.0254917311
"GATGTTGCAATCGCGC-1_4",0.0661255916666667,0.348748468666667,0.158745351666667,0.0467771500666667,0.0310373121333333,0.0349401496333333,0.135422327666667,0.063863786,0.0311686947666667,0.0327351655,0.0938864816666667,0.0171936308,0.0888989708,0.29891237,0.041319267,0.131529727,0.0305532108666667,0.0244338294666667,0.0184461928,0.0468303263333333,0.0477886396333333,0.0553830147,0.0123215834,0.0314273561,0.0355361041,0.0369176907666667,0.0604634846666667,0.219652656533333,0.360596209866667,0.108440167366667,0.126183047833333,0.071676805,0.0625969783333333,0.24596485,0.0173051709666667,0.0155607308,0.057294617,0.136226922666667,0.202101714666667,0.0145654856666667,0.0227896406333333
"GCATGATGTGGTCCCA-1_4",0.0447153613333333,0.0497777480333333,0.122103575,0.0699885336666667,0.0825904553333333,0.0548667050333333,0.0503677887333333,0.199643594666667,0.132292302,0.0239929293,0.0141524872,0.0287622459,0.0647662362833333,0.264296738666667,0.0236279818666667,0.127209439,0.0846751596666667,0.25947485,0.033658425,0.095524449,0.111450477666667,0.0193880339666667,0.0350087633333333,0.047254981,0.0369365254333333,0.115024456666667,0.123116939333333,0.232401547702333,0.3750649915,0.181050174,0.139335734286667,0.0490152226,0.0275844217333333,0.178710444,0.0132578581,0.0209168045,0.0412488234,0.0891095713333333,0.248992823333333,0.062644123,0.0248910633666667
"GGCAGTCGTTCGGACC-1_4",0.0295349710666667,0.0848193896333333,0.287931939,0.0224367333666667,0.083474369,0.0488528158,0.0461285442333333,0.0722072193333333,0.18618507,0.0241320261666667,0.0180829580333333,0.0678126473333333,0.06511363655,0.0299640198033333,0.0160628949,0.0697391046666667,0.0432640286666667,0.12200801,0.0348911247333333,0.0450792973,0.117721473,0.0784796596666667,0.0800480903333333,0.0343295478666667,0.201608903333333,0.0559247925666667,0.0745789853333333,0.305010769336667,0.2152630936,0.10868337,0.268966230566667,0.0469962120666667,0.0517830113333333,0.0464661706666667,0.105329892333333,0.0534012356666667,0.0135069883,0.0133375447333333,0.0581545437666667,0.0521859763333333,0.0371278656
"GGTTCTCAGGCGTTAG-1_4",0.0576076293333333,0.123833404233333,0.0605005409333333,0.0243976860533333,0.0403225581666667,0.029938423,0.0840855666666667,0.0483924323333333,0.04653838,0.0386298060333333,0.0522368616666667,0.032436118,0.104345560966667,0.212508903666667,0.0359234673333333,0.0935050086666667,0.0482085836666667,0.0232758413333333,0.0245689925666667,0.01715969037,0.0446169476333333,0.0519102910333333,0.0183179421,0.030100559,0.0516453136666667,0.0671765053333333,0.080191277,0.24734374738,0.282658595294667,0.283441903333333,0.145417657966667,0.0516661875333333,0.0858568116666667,0.0411367418333333,0.0184174448333333,0.0320820754,0.0279658200333333,0.136801103333333,0.0934695968333333,0.0166987675666667,0.0329668085666667
"GTAGAAATCGGCCCAA-1_4",0.0235165609666667,0.0619122514333333,0.0636414101333333,0.0452483350333333,0.0290850037333333,0.0473038074666667,0.077949469,0.186951171666667,0.0670839543333333,0.122583784333333,0.047145176,0.0160365479666667,0.0479918151866667,0.183425502333333,0.0349919866666667,0.0400452501333333,0.0386957766666667,0.31267077,0.0485112283333333,0.0829641443333333,0.135107830333333,0.0439293716666667,0.0180690401333333,0.0637295963333333,0.0135147384966667,0.0877106743333333,0.0294328016666667,0.22939110698,0.482607466666667,0.0378899670333333,0.1567619505,0.0877304283333333,0.0237143648666667,0.187200978666667,0.0169844894,0.119001178666667,0.0721065646666667,0.0915517733333333,0.0296455772,0.0479098543333333,0.0419808111333333
"GTATTTCCAGCGGTTC-1_4",0.056462311,0.405759242666667,0.136626766,0.0294849271666667,0.0309782711,0.0329769376666667,0.0505577972333333,0.124344580333333,0.0106892933666667,0.0277461982333333,0.0309715497,0.0443824933333333,0.159199968333333,0.305898963333333,0.0523871886666667,0.131995499666667,0.0759320883333333,0.0481786965333333,0.0266611278666667,0.0509588310333333,0.0564685981,0.0334280494333333,0.0161541541,0.0300915008666667,0.0287471395333333,0.20449646,0.084364904,0.269282866213333,0.27452133641,0.104046598333333,0.406197826566667,0.065716226,0.143579320666667,0.0631629313333333,0.0167907314,0.0176885586,0.0538033203333333,0.137448826333333,0.119766442666667,0.0553633746666667,0.0265612636333333
"GTCACTCAGGCGACAT-1_4",0.0282466505666667,0.186567451,0.302632998333333,0.0377909131333333,0.195838496666667,0.103774200666667,0.0335621697666667,0.0455095697666667,0.122950283333333,0.104042276,0.0119604237333333,0.0530334456666667,0.0850803208333333,0.02531412692,0.0264089148333333,0.0982664753333333,0.01489395946,0.0850005816666667,0.0421235513333333,0.172558006666667,0.0580176186333333,0.0990494503333333,0.0561319416666667,0.0909343266666667,0.0902231476666667,0.289923163333333,0.141493216666667,0.247554432129333,0.106741177166667,0.120713488666667,0.167936456966667,0.0275972750666667,0.065227833,0.128587825333333,0.0211740011333333,0.0376854162,0.0174049045,0.0510942753333333,0.302982936666667,0.058472881,0.0248884422333333
"GTCATGAGTTACCGTA-1_4",0.00963208200666667,0.071998495,0.578891676666667,0.0644864933,0.0143161716333333,0.796898976666667,0.0537762144666667,0.0241099502666667,0.00430113531,0.0340895044666667,0.0161827643,0.0112989290333333,0.164291860333333,0.0539778080333333,0.00619167280666667,0.0077322068,0.0257370945666667,0.138317466666667,0.0130657108333333,0.0119992648233333,0.206766276333333,0.0915928983333333,0.00534799874333333,0.00545659265,0.0293608730333333,0.00881176977666667,0.00571407455,0.339981142153333,0.198392064266667,0.088761401,0.828363436666667,0.0100071645733333,0.0136913236333333,0.0142475410366667,0.0382013719,0.0172061094,0.0182661405,0.00534927508,0.03174817822,0.00644122538666667,0.104227829333333
"GTGCTTCAGTGGTTAA-1_4",0.041168789,0.263546455,0.167775437333333,0.0243454886666667,0.0306777944666667,0.0429146673,0.112408553,0.0192395558,0.0343332963333333,0.01648251029,0.0861687636666667,0.0193798631666667,0.0824476758333333,0.203977621,0.0300645306666667,0.158233988666667,0.0603872273333333,0.0273282279666667,0.0297830567,0.0432444272333333,0.0523414887,0.0432607251333333,0.0127348204,0.0625390963333333,0.0187996922,0.238542676666667,0.0391389496666667,0.287237028303333,0.190083453543333,0.0301522163,0.316966460066667,0.108818098333333,0.0499005906666667,0.320424696666667,0.0280113182666667,0.0166805815,0.070038422,0.113391384,0.106343041,0.0271002677333333,0.0148559236
"GTGTAACCAGATTAAG-1_4",0.0264738185,0.252237378,0.197560320333333,0.0425448225,0.0122423978333333,0.0501553129666667,0.0459194921,0.0370475904,0.0216931225333333,0.0225332454,0.0481618013333333,0.0385826646666667,0.0786113834333333,0.0322654156333333,0.0442890986666667,0.177954263333333,0.0572416493333333,0.0220806335666667,0.0176741982333333,0.0189540338666667,0.095221616,0.233761015333333,0.0125337497,0.105827617,0.0599724136666667,0.0443978105666667,0.061532806,0.268699569996667,0.145215150533333,0.120533869333333,0.105820063323333,0.0238269663666667,0.0215485053333333,0.384870966666667,0.0185831427,0.0478435806333333,0.0318654375333333,0.118737795,0.276400193333333,0.0273986496666667,0.0893111626666667
"GTTAGTGGTTTGCCGG-1_4",0.0481809933333333,0.307828662666667,0.0457198037066667,0.01840514103,0.0581091773333333,0.0345086805666667,0.152623055333333,0.0514291827,0.110462562,0.0626150846666667,0.0130778857333333,0.0307275026666667,0.177284652333333,0.247757015,0.017226384,0.0825157106666667,0.0679085933333333,0.20855264,0.0260590050666667,0.0135204506666667,0.0975859043333333,0.189944897333333,0.0565408116666667,0.0860080183333333,0.0812264306666667,0.200094406666667,0.125843193333333,0.2482173736,0.241298921433333,0.0286263082333333,0.127298329666667,0.0311012341333333,0.0173947938,0.0147036326266667,0.0328241970666667,0.067592361,0.01007527985,0.0506504733333333,0.121750413333333,0.0196921575333333,0.0238771885
"GTTGTAGTCTTCTGTA-1_4",0.0328331904666667,0.0673150881,0.138038432733333,0.0266881570666667,0.0379646123,0.0470481468,0.0679917948666667,0.0158926631,0.107814009,0.0356367761666667,0.0372532607666667,0.034447405,0.0618124966333333,0.0597454782,0.0342818996666667,0.142032962333333,0.058175109,0.0288657932333333,0.0215378400666667,0.0488499193333333,0.0756815148666667,0.0261861165666667,0.0625002293333333,0.0645935186666667,0.01143878371,0.30098229,0.0331039863333333,0.287815410503333,0.387637343733333,0.0797769548333333,0.125161469066667,0.185352914,0.0996993656666667,0.0769220415333333,0.0350359937666667,0.0184063881666667,0.0312798629333333,0.106513502333333,0.0708331151666667,0.0383202936666667,0.0198184492666667
"TACGTCCTCGCTTGCT-1_4",0.0125907943666667,0.276991499333333,0.0893528104333333,0.0444137739666667,0.0770112653333333,0.0280428010666667,0.0707407880333333,0.0254761498666667,0.0496744353333333,0.0353644491,0.0385225593333333,0.041111058,0.121110405,0.494166716666667,0.0384829213333333,0.0417094706666667,0.04923704,0.124558041333333,0.0371931283333333,0.0475126693333333,0.0589495665,0.0866242753333333,0.04750626,0.0149677032333333,0.0265402601333333,0.170962207333333,0.0792274913333333,0.242825523753333,0.200893429463333,0.0349000438,0.127836546066667,0.170167423,0.0260058099666667,0.0388733430666667,0.0539834213333333,0.0261392711666667,0.0203781209,0.139488810666667,0.281562213333333,0.0353938217666667,0.0493331065333333
"TAGCACATCGGAATTC-1_4",0.0657698863333333,0.44710889,0.0574303817333333,0.0490859387333333,0.0921243006666667,0.111106677333333,0.112144809666667,0.0642386952,0.122466571666667,0.0346148997666667,0.0286476789333333,0.0373825626666667,0.0665774949,0.0945693976666667,0.0325898843333333,0.0566378813333333,0.0303275755,0.105831402666667,0.0470748186666667,0.0782423536666667,0.0511986133666667,0.02508385215,0.03751323,0.0283732603666667,0.0205376223,0.21947888,0.070655132,0.300326005396667,0.3371339655,0.0316961681,0.149717342333333,0.069107408,0.107808452,0.165754935,0.0237979485666667,0.0207457171333333,0.0181442889,0.114690316333333,0.0417764250333333,0.0360563056666667,0.0154694686333333
"TATTGCTAGCTCCCTT-1_4",0.0919492346666667,0.0417696831566667,0.131412004466667,0.0118389049333333,0.0758094426666667,0.0408590324333333,0.0723312660666667,0.234423376666667,0.123762102666667,0.0373770098666667,0.00942866259333333,0.00741902443,0.0500762243933333,0.0198281626666667,0.00560629203333333,0.124819233,0.0064734431,0.0713215706666667,0.00811974996666667,0.0168698622666667,0.119349135666667,0.0330209239666667,0.0268675159666667,0.00763987604,0.0681683833333333,0.325864166666667,0.06235411,0.224153057,0.1188544514,0.351912676666667,0.1434852632,0.129299078,0.0170212832666667,0.106107277666667,0.0421682373333333,0.0169163646,0.0232726004666667,0.00925998593333333,0.0922955876666667,0.0204559890666667,0.0212536582333333
"TCAGGGCAGTGGAAAG-1_4",0.0414514496666667,0.293488454,0.0628386209666667,0.0302066438333333,0.0436328807666667,0.0568231912666667,0.0322230615333333,0.0149415008333333,0.134136587666667,0.0555040766333333,0.0123265636333333,0.0339905353333333,0.0667259075666667,0.0650432936333333,0.0153357431666667,0.160708804,0.0124483719333333,0.286219863333333,0.0210459391333333,0.143159194666667,0.0784252513333333,0.0290473236666667,0.0550596906666667,0.0829819373333333,0.0381965022333333,0.22341025,0.110815686666667,0.29235865096,0.2184059336,0.0507603803,0.1348503908,0.0556227136666667,0.0286502095333333,0.0681700221,0.0175926316666667,0.0183109614,0.0119168084466667,0.0289075296666667,0.226296640333333,0.0374517466666667,0.0213904313333333
"TCCTCTTGTCAAGTTC-1_4",0.0220591894333333,0.170598062666667,0.465757063333333,0.126432142,0.0159653822333333,0.0888266354666667,0.291388686666667,0.0294761676666667,0.00724687622333333,0.0483599864333333,0.016421077,0.00812665462666667,0.175735823566667,0.0795015802,0.0328814494333333,0.0929363903333333,0.0237055836,0.015018555,0.0173920382666667,0.0998867366666667,0.270933345666667,0.218322116333333,0.00645735056666667,0.00623300316666667,0.0104763438666667,0.119922863333333,0.00375637726666667,0.233854323773333,0.496611853433333,0.138608496333333,0.356936947666667,0.394910223333333,0.069800813,0.085671161,0.0177113562666667,0.0171104806333333,0.0493987436666667,0.0111057535,0.0628744599,0.00916102796666667,0.0241546653666667
"TCCTCTTTCGCATTAG-1_4",0.0623907543333333,0.21822209,0.126225405,0.0181143944666667,0.0196920250333333,0.0346420553,0.0996620123333333,0.0552910403666667,0.0232118292666667,0.0270510220966667,0.0672845616666667,0.0195992830333333,0.0963678762333333,0.269474132,0.0161470944333333,0.115831878666667,0.0267770455333333,0.0300363806666667,0.0179945710333333,0.0131486195333333,0.0659649134,0.0392949179,0.00910048832666667,0.0840718593333333,0.0481669506666667,0.0759442963333333,0.0125480845,0.3425048386,0.270664457233333,0.453637283333333,0.116949489333333,0.0505783656666667,0.0921833346666667,0.0751582061,0.01437540798,0.025138881,0.0283213605666667,0.0757298733333333,0.0506079124666667,0.0160639776666667,0.0367859384
"TCGACGGTCGCGCTGA-1_4",0.00836659858,0.0927555982,0.0905236439,0.0111752303033333,0.110590126666667,0.0386455587333333,0.0231456312333333,0.0503852093333333,0.136659395,0.0344616623333333,0.00901410554,0.00996632676666667,0.0451909329333333,0.204458801333333,0.00802251171,0.244464873333333,0.0196651616,0.189945137,0.00810927875333333,0.143009890333333,0.0441477356,0.0203010463666667,0.0260621270333333,0.0172321818666667,0.0295197712666667,0.21138554,0.105648635333333,0.235125957786667,0.47889091527,0.111808955,0.1437295658,0.0268869792666667,0.0143604732666667,0.31084805,0.0116322554,0.0251049425333333,0.0294800719333333,0.0128512404,0.0584445901,0.0450017316666667,0.0229799579
"TGGGAGAGTAACTGCT-1_4",0.0552310726666667,0.527442886666667,0.116725179433333,0.0519821095333333,0.0173009909333333,0.0289376258333333,0.093697372,0.0420956341666667,0.0180563254666667,0.0726692845,0.0421955276666667,0.0202182401,0.177932719333333,0.215090433333333,0.0350885483333333,0.215535496666667,0.061787809,0.0308081272,0.0271642537333333,0.0140587997,0.03994635748,0.0440899389666667,0.00947415704666667,0.0151813976,0.0428187926666667,0.064820827,0.0458228196666667,0.238605748213333,0.171213888866667,0.233173682333333,0.124253001633333,0.0768528163333333,0.061266536,0.172348226,0.0197759792333333,0.0608511413333333,0.0409283163333333,0.13353316,0.197566623,0.0283556086333333,0.0491270364
"TGGTACATCTCTCCGA-1_4",0.0624478223333333,0.249497808666667,0.188192929333333,0.0492679933666667,0.123168243,0.0495011522,0.0643061278333333,0.0571540800666667,0.0384274166666667,0.0879679743333333,0.049124308,0.0472915906666667,0.161452136133333,0.122992429,0.0274936649,0.206854313333333,0.0380052576333333,0.0261472676666667,0.0649552646666667,0.114667790333333,0.0484234137666667,0.0537242969666667,0.0358541853333333,0.0521642046666667,0.065523694,0.0347404399333333,0.0951286326666667,0.236250367646667,0.25980320903,0.0269932947966667,0.136104747566667,0.082138764,0.0695472426666667,0.0292731715666667,0.0113535167666667,0.0322113692333333,0.0212141574,0.114710468,0.355798293333333,0.041459277,0.0250136614
"TGGTTAGAGCGACTAG-1_4",0.0106658123,0.372655126666667,0.0331108618,0.0459301503666667,0.0220769736333333,0.0565199009,0.0469264973333333,0.0193948996666667,0.150678426666667,0.0178275003666667,0.0124956164333333,0.065290648,0.0500923183666667,0.30899649,0.0101128296333333,0.501235426666667,0.0623598253333333,0.474997783333333,0.0116528469333333,0.2341043,0.0569980193333333,0.0496540803333333,0.078539466,0.0132490191,0.0198649452666667,0.128939025,0.060789558,0.2434996447,0.276233507293333,0.0203035456333333,0.151055132133333,0.0145283932,0.0194082200333333,0.208371656666667,0.0510021493333333,0.00848267126666667,0.0214583970333333,0.0230331599333333,0.0235929092333333,0.0131319553333333,0.0139422123433333
"TGTCAGATCTTACGGA-1_4",0.00992802898333333,0.547664566666667,0.02436727422,0.0471565855666667,0.0457709732,0.0738111732,0.0920536521,0.0270484583666667,0.164671153333333,0.0178787224666667,0.0215867712,0.0373084583333333,0.0629488184,0.219680352333333,0.0179828514666667,0.086880006,0.0225034552666667,0.247165573333333,0.034722759,0.180668737666667,0.0367911029666667,0.0316947861,0.049385293,0.080269552,0.049445543,0.16835623,0.0755159003333333,0.272591684489667,0.423166421043333,0.0961474271666667,0.142723088133333,0.0141447629,0.123822902333333,0.0255967522,0.0266314475,0.0238635545,0.00951361092666667,0.0889154923333333,0.189741106333333,0.0268636368333333,0.0624298933333333
"TGTCCCAGTTGTTGAC-1_4",0.059071352,0.346835546666667,0.130914236333333,0.0188754181666667,0.01968033278,0.0361954516666667,0.246144693333333,0.0256991247666667,0.00738908647333333,0.0996702256666667,0.0197884715666667,0.056516218,0.123986119666667,0.25549894,0.059431284,0.202953573333333,0.0730557966666667,0.0168464940333333,0.0509244286666667,0.0323695529666667,0.0257232998333333,0.0323767547,0.0116591860333333,0.0141677244,0.0181245618,0.0713009763333333,0.0297494393666667,0.34216322544,0.15391091231,0.0536484156333333,0.1565852427,0.19963318,0.140885713,0.124478293333333,0.0128243004333333,0.0207786331,0.146187375,0.0677107993333333,0.279680533333333,0.0394798826666667,0.0159492018666667
"TTCATTGTCGCTTACC-1_4",0.173188183333333,0.0426093643666667,0.0575119647333333,0.0569893992,0.0452295923333333,0.0588869856333333,0.107163196666667,0.0455790325666667,0.0164024095666667,0.0203331283333333,0.046337332,0.0362780356666667,0.0793585455333333,0.0392411144666667,0.0450659053333333,0.072584961,0.162204631666667,0.0317659255333333,0.0679768046666667,0.0130709281,0.214824739333333,0.227475873333333,0.0198816970333333,0.0153241768033333,0.247603976666667,0.01109684369,0.0154459589,0.310177086496667,0.202690719133333,0.0723850697333333,0.121701430836667,0.0195582018333333,0.0233509485333333,0.0555676002,0.0890137236666667,0.125043554666667,0.0218921292333333,0.0108197282666667,0.534631113333333,0.0267410528333333,0.075025607
"TTGCCTGAGACGGTTG-1_4",0.086843462,0.0432169012666667,0.225134496333333,0.0231302575666667,0.0266240889,0.0445273368333333,0.119914835666667,0.0680866733333333,0.00434194227,0.0829653103333333,0.0171115097333333,0.0228649279333333,0.0758071673333333,0.207505876666667,0.0652212776666667,0.146818497666667,0.0146894997333333,0.00917195259666667,0.113923084666667,0.0132441041333333,0.0666306048333333,0.0566010347333333,0.0110011649333333,0.0906211733333333,0.0882861823333333,0.116228013333333,0.0769951076666667,0.24213538975,0.295940428866667,0.0723432607,0.143158407833333,0.0234714035,0.053400296,0.230964419666667,0.0091764323,0.0457258023,0.0579721883333333,0.0990889566666667,0.175592317333333,0.0214843261666667,0.0390576510666667
